"","ensembl_gene_id","baseMean","log2FoldChange","pvalue","padj","external_gene_name","FoldChange","FC"
"44","ENSG00000003987",684.515474673188,-1.26999648932287,2.48072895792982e-08,9.28324656925061e-07,"MTMR7",0.414660781948156,-2.41160978692465
"64","ENSG00000004846",1.33200576056265,1.24744976583799,0.0102684052394149,0.042158054452164,"ABCB5",2.37421365036793,2.37421365036793
"221","ENSG00000008441",1010.18182993615,1.07511268877982,2.97323284819626e-06,5.29570707656179e-05,"NFIX",2.10688663420802,2.10688663420802
"263","ENSG00000010379",17.437498242044,-1.44979103474392,2.34448274539536e-05,0.000303025909366087,"SLC6A13",0.366074443715409,-2.7316848175761
"375","ENSG00000017427",152.487112349505,1.73738035358339,7.14500577763907e-08,2.25719291568656e-06,"IGF1",3.33429176883216,3.33429176883216
"411","ENSG00000021645",548.479803708329,1.0119505607114,0.000227610919311962,0.00194561632309615,"NRXN3",2.01663580111072,2.01663580111072
"517","ENSG00000034971",8.75063910125053,1.44167394441613,0.00300641973922833,0.0158212641090164,"MYOC",2.71635859043094,2.71635859043094
"550","ENSG00000038295",855.707349386294,1.35849915741293,6.5452557314835e-08,2.09867751082567e-06,"TLL1",2.56418287534844,2.56418287534844
"599","ENSG00000043462",681.129545807148,1.53911725853512,7.58375818961889e-07,1.65771122204546e-05,"LCP2",2.90616629525124,2.90616629525124
"614","ENSG00000046889",586.202245710313,2.12578373048083,2.59786551648005e-09,1.35359617848263e-07,"PREX2",4.36440120660045,4.36440120660045
"631","ENSG00000047648",407.392245986448,1.37202320456017,1.99835878238803e-09,1.09044988685508e-07,"ARHGAP6",2.58833293983205,2.58833293983205
"665","ENSG00000049540",2272.12753148171,3.37225999342826,4.78824204187312e-18,2.28102730413803e-15,"ELN",10.3550311863284,10.3550311863284
"700","ENSG00000052344",22261.6680416979,-1.27094864816418,4.45552918019915e-08,1.5317221277908e-06,"PRSS8",0.414387201837112,-2.41320194148535
"744","ENSG00000055118",374.975025065858,1.46589855418029,4.49387575508668e-06,7.48032163958188e-05,"KCNH2",2.76235464928718,2.76235464928718
"829","ENSG00000061455",1128.60095079662,1.18843873363719,1.30080746647204e-06,2.63604548843748e-05,"PRDM6",2.2790597270491,2.2790597270491
"956","ENSG00000065989",707.542034907434,1.12413706884113,4.21923068900817e-18,2.07586149899202e-15,"PDE4A",2.17971130652082,2.17971130652082
"1021","ENSG00000067798",175.657850793869,1.97641153136309,5.20346157930623e-08,1.73375447738176e-06,"NAV3",3.93513063913613,3.93513063913613
"1074","ENSG00000069399",620.341555597383,1.48388524879659,1.43532544468331e-14,3.31361440352581e-12,"BCL3",2.79700968395246,2.79700968395246
"1189","ENSG00000072315",4.96709058509098,-1.81834450054388,3.20006460756186e-05,0.000390407882122546,"TRPC5",0.283546155281852,-3.52676268527068
"1201","ENSG00000072694",2167.09615331944,2.29603109596695,8.9270115728454e-12,9.40061302892057e-10,"FCGR2B",4.91104858766254,4.91104858766254
"1213","ENSG00000072952",611.579712664413,1.15697062489351,1.33088310720714e-15,3.73294054331782e-13,"MRVI1",2.2298870336562,2.2298870336562
"1247","ENSG00000073910",623.986949488738,1.64888600920951,4.87070174350322e-13,7.24381798592701e-11,"FRY",3.13591403043583,3.13591403043583
"1292","ENSG00000075213",529.356420515359,1.41444350251696,3.37343607722078e-09,1.69871750922064e-07,"SEMA3A",2.66556895351265,2.66556895351265
"1327","ENSG00000075884",80.4705233285384,1.83317170365156,9.59693847975614e-12,9.86381224843977e-10,"ARHGAP15",3.56319565413645,3.56319565413645
"1329","ENSG00000075891",6.82494801995168,-1.80616983259444,2.53742401250956e-05,0.000322000716547302,"PAX2",0.28594907968443,-3.49712613554689
"1498","ENSG00000080561",55.3552145963832,1.55457963309078,7.28602759379251e-07,1.6031397371327e-05,"MID2",2.93748122991235,2.93748122991235
"1705","ENSG00000086696",2835.28268815658,1.82493564744139,8.50409108938256e-12,9.08273244749286e-10,"HSD17B2",3.54291203847822,3.54291203847822
"1719","ENSG00000087085",402.263272420952,-1.18228683350887,3.67397471097303e-13,5.71312585625505e-11,"ACHE",0.440652460674311,-2.2693621146918
"1725","ENSG00000087116",1639.25480444584,1.88904247404953,1.46557864887406e-07,4.13004191643272e-06,"ADAMTS2",3.70389313396138,3.70389313396138
"1832","ENSG00000089225",1558.9965726999,1.10409028823539,0.000613430906667562,0.00438444590876563,"TBX5",2.14963287205241,2.14963287205241
"1852","ENSG00000089723",1334.66602715255,-1.03294478131049,0.00111906544851769,0.00710251053013635,"OTUB2",0.488711588126572,-2.04619662045134
"1868","ENSG00000090104",87.63746627954,1.66527877481975,0.000124685381236477,0.00118984345363089,"RGS1",3.17174937064258,3.17174937064258
"1972","ENSG00000092345",57.4204686046065,-1.41699432547734,1.71833481329307e-06,3.36403551314753e-05,"DAZL",0.374491706583657,-2.67028610358988
"2054","ENSG00000096060",1066.67173513186,1.22269286949884,8.58692134119195e-07,1.84342405788164e-05,"FKBP5",2.33381931179414,2.33381931179414
"2087","ENSG00000099260",440.184169921923,1.52724973306644,1.50993700869642e-06,3.01304717453437e-05,"PALMD",2.88235839583719,2.88235839583719
"2127","ENSG00000099860",1027.46337159063,1.01662806466197,0.000123820195221888,0.00118480481857492,"GADD45B",2.02318474578692,2.02318474578692
"2175","ENSG00000100055",1603.07512328665,1.51699620368293,3.45679749435026e-05,0.000414962717204982,"CYTH4",2.86194550909398,2.86194550909398
"2423","ENSG00000100985",671.54137831014,1.65001233064127,0.00045737048553449,0.0034506292136403,"MMP9",3.13836321490344,3.13836321490344
"2664","ENSG00000102312",7740.70832367681,-2.62319976900501,4.36184299405726e-21,3.53804410642288e-18,"PORCN",0.162307349196449,-6.16115046515637
"2681","ENSG00000102466",49.7279993449926,1.87299476288427,1.336037298824e-09,7.77076577757867e-08,"FGF14",3.66292144890651,3.66292144890651
"2899","ENSG00000104237",13.8810757750576,2.55714240273194,1.04658446943255e-07,3.09459045286795e-06,"RP1",5.8854078801306,5.8854078801306
"2900","ENSG00000104237",13.8810757750576,2.55714240273194,1.04658446943255e-07,3.09459045286795e-06,"RP1",5.8854078801306,5.8854078801306
"2907","ENSG00000104321",10.534536437522,2.88402808355819,6.09686108538186e-08,1.97388344006991e-06,"TRPA1",7.38208363976112,7.38208363976112
"2984","ENSG00000104848",2475.17389407141,-2.42230281994211,9.72795701311845e-10,5.89808981571133e-08,"KCNA7",0.186558135475458,-5.36025940359783
"3003","ENSG00000104894",764.064289307101,2.07655590012556,2.81187612061861e-14,6.1233842364052e-12,"CD37",4.21799065878776,4.21799065878776
"3034","ENSG00000105048",430.853824562252,1.62420398920962,4.53941167615723e-08,1.54990697639171e-06,"TNNT1",3.08272028245285,3.08272028245285
"3068","ENSG00000105246",84732.4677928829,-1.46949838216418,3.06895276024674e-07,7.64360250958715e-06,"EBI3",0.361107832439354,-2.76925591240933
"3133","ENSG00000105516",132.966629989524,1.02972138729289,1.5198851658388e-09,8.62283432838451e-08,"DBP",2.04162993455882,2.04162993455882
"3328","ENSG00000106536",121.168556726493,1.16919462552772,0.000710053984106761,0.00491696819820307,"POU6F2",2.24886120777228,2.24886120777228
"3378","ENSG00000106852",153.745195077042,1.88485948770161,3.57901583337201e-05,0.000426412954311872,"LHX6",3.6931695265564,3.6931695265564
"3383","ENSG00000106952",65.9125440049676,1.80231846752761,1.70497441750647e-07,4.67730276217589e-06,"TNFSF8",3.48780278774616,3.48780278774616
"3397","ENSG00000107105",4.85779338908687,-1.48814134849232,0.000181428359317945,0.00161429822705312,"ELAVL2",0.356471502224511,-2.80527333534276
"3512","ENSG00000108255",21.6128941697625,-1.33550772641263,0.000291848019037014,0.0023743406742583,"CRYBA1",0.39625259093336,-2.52364280481935
"3725","ENSG00000109906",24.1147666776428,3.02940500937839,6.60297321984609e-16,2.06425450285438e-13,"ZBTB16",8.1647290457243,8.1647290457243
"3862","ENSG00000111186",192.63440796046,1.91723452039545,2.69053619476333e-09,1.38981707878205e-07,"WNT5B",3.776983602394,3.776983602394
"4052","ENSG00000112299",254.772734061079,1.87964708415325,3.77520736387753e-07,9.08850123339663e-06,"VNN1",3.67985031774777,3.67985031774777
"4091","ENSG00000112562",807.410329032191,1.05558873049687,0.000365686028073451,0.00285806486316156,"SMOC2",2.0785662483883,2.0785662483883
"4126","ENSG00000112837",268.758238048429,1.56260326643078,6.59876813679488e-05,0.000704776616802449,"TBX18",2.9538637184368,2.9538637184368
"4149","ENSG00000113083",1950.29631251793,-1.79119935879968,3.04726500058759e-07,7.60852888499458e-06,"LOX",0.28893174784932,-3.46102499100067
"4226","ENSG00000113657",1502.07939142671,1.62537565518256,2.93941976264873e-07,7.38843098129093e-06,"DPYSL3",3.08522489045385,3.08522489045385
"4384","ENSG00000115155",31.1372145486141,-1.61966202590463,7.06758626930794e-06,0.000109167472524174,"OTOF",0.325411687758343,-3.07303037235288
"4468","ENSG00000115590",1615.50112764268,-1.00650641725799,0.00131607397070216,0.0080839156792291,"IL1R2",0.497750124785923,-2.00904017940747
"4511","ENSG00000115884",107490.425236674,-1.29458046140661,2.63314769643317e-05,0.000332024585285669,"SDC1",0.407654695764204,-2.45305649705657
"4552","ENSG00000116147",77.3517044249528,-1.46273200425613,8.43896034248839e-08,2.58198125968094e-06,"TNR",0.362805440617247,-2.75629824706786
"4620","ENSG00000116711",191.441291828956,1.74134484078332,2.16166252026072e-11,2.00233998636003e-09,"PLA2G4A",3.34346691375591,3.34346691375591
"4725","ENSG00000117461",854.111166279745,1.07962654622232,0.000124972860417632,0.00119182888047473,"PIK3R3",2.11348891587758,2.11348891587758
"4726","ENSG00000117472",31.0303154798321,-1.47283568845484,0.00131664585987661,0.00808577359251418,"TSPAN1",0.360273467169022,-2.7756692932673
"4747","ENSG00000117594",358.420121336542,2.22108322337066,1.46740367790847e-13,2.57542217435023e-11,"HSD11B1",4.66243374214224,4.66243374214224
"4773","ENSG00000117834",13.5833778486341,1.74445171842812,3.24687650380659e-06,5.69864834429562e-05,"SLC5A9",3.35067490676415,3.35067490676415
"4805","ENSG00000118257",12836.3721661933,1.00326319111816,2.52586922721149e-08,9.41060347605667e-07,"NRP2",2.00452886336953,2.00452886336953
"4808","ENSG00000118271",12.6978420743154,1.54200352014413,0.0111669823762454,0.0449796638136999,"TTR",2.91198620317172,2.91198620317172
"4871","ENSG00000118946",376.462194129243,1.41420971470807,2.10069568910351e-08,8.06215844263102e-07,"PCDH17",2.66513703476517,2.66513703476517
"4888","ENSG00000119138",103.712703394758,1.94048750539785,2.42118617527946e-16,8.44937668517293e-14,"KLF9",3.83835328762807,3.83835328762807
"4958","ENSG00000119699",4879.67371858629,1.18163737785131,2.41381625874373e-06,4.45506266064628e-05,"TGFB3",2.26834074958544,2.26834074958544
"5046","ENSG00000120279",376.09064927595,1.1199601208356,5.79950128241271e-07,1.31759752072498e-05,"MYCT1",2.17340964654898,2.17340964654898
"5060","ENSG00000120337",55.3551801677085,1.60496652363292,0.00356793038369342,0.018217204265976,"TNFSF18",3.04188692156852,3.04188692156852
"5061","ENSG00000120341",4.23540173146461,1.1013699974462,0.00517760799636522,0.0245831943026282,"SEC16B",2.14558342517072,2.14558342517072
"5062","ENSG00000120341",4.23540173146461,1.1013699974462,0.00517760799636522,0.0245831943026282,"SEC16B",2.14558342517072,2.14558342517072
"5069","ENSG00000120457",1398.61901636065,1.91094917496979,2.17746669570522e-09,1.17114929160404e-07,"KCNJ5",3.76056432593086,3.76056432593086
"5084","ENSG00000120645",156.155417418709,1.33578943452012,0.00013461185021744,0.00126486250742824,"IQSEC3",2.52413563250149,2.52413563250149
"5132","ENSG00000120915",927.132735545334,1.19677474486519,8.32798684068146e-07,1.79683350871698e-05,"EPHX2",2.29226644058204,2.29226644058204
"5383","ENSG00000123329",475.718549607078,1.31017394304405,0.000308278120480936,0.00248643992256755,"ARHGAP9",2.47971435637957,2.47971435637957
"5455","ENSG00000123999",19234.9790610381,-2.50571816378668,8.65410996477022e-11,6.83492495428115e-09,"INHA",0.17607742242906,-5.67931984807926
"5538","ENSG00000124440",1805.19520759602,1.31405962140177,1.28051241431449e-05,0.000179247847847044,"HIF3A",2.48640208974826,2.48640208974826
"5543","ENSG00000124467",47630.224844439,-1.33122600678375,0.000773119401659213,0.00527098125456527,"PSG8",0.397430360760882,-2.51616408491162
"5587","ENSG00000124721",102.239269517869,1.52726713221615,0.000636916354985422,0.00450297612386867,"DNAH8",2.88239315778358,2.88239315778358
"5608","ENSG00000124813",160.364342755954,1.02068956193957,0.00459935103630484,0.0224411840841458,"RUNX2",2.02888847145473,2.02888847145473
"5673","ENSG00000125462",794.197179573083,-1.37213835882315,4.73756018120072e-07,1.1047681131173e-05,"C1orf61",0.386318223959861,-2.58853954584317
"5872","ENSG00000126785",202.458297632955,1.04076872087283,0.000760366927592483,0.00519660773644628,"RHOJ",2.05732357882971,2.05732357882971
"5883","ENSG00000126860",190.973602171801,1.58362797293989,6.3410267979176e-05,0.000682592884717013,"EVI2A",2.99722621060201,2.99722621060201
"5907","ENSG00000127124",282.368158499095,1.23249298434114,5.95683544835521e-09,2.78902567045299e-07,"HIVEP3",2.34972673203939,2.34972673203939
"6030","ENSG00000128310",3.89075227792129,-1.15416222657762,0.00699834065633499,0.0311346278947415,"GALR3",0.449327035034815,-2.2255504833412
"6189","ENSG00000129675",1974.57325761256,1.48651758349685,1.68017891364763e-13,2.91477049458917e-11,"ARHGEF6",2.80211775355076,2.80211775355076
"6191","ENSG00000129682",436.348743482536,1.81103994800807,4.7552117783428e-11,3.92069823878088e-09,"FGF13",3.50895135591986,3.50895135591986
"6374","ENSG00000130821",15695.6046364034,-1.11490583023551,0.00126563051309996,0.00784309373511377,"SLC6A8",0.461721292549013,-2.16580871650802
"6462","ENSG00000131389",8039.52788149103,-1.03305473379707,0.00224004466386705,0.0124588992683428,"SLC6A6",0.488674343244457,-2.04635257370112
"6622","ENSG00000132481",277.933861811729,1.67546796600364,2.11223225925538e-10,1.49997902716764e-08,"TRIM47",3.19422948743767,3.19422948743767
"6728","ENSG00000133063",180.55098714722,1.30920150585167,0.000205485205843606,0.00178806088656952,"CHIT1",2.47804348769311,2.47804348769311
"6887","ENSG00000134250",9407.28272937337,1.01346677141571,7.6495273098272e-10,4.76302102951315e-08,"NOTCH2",2.01875631306336,2.01875631306336
"6938","ENSG00000134508",826.500608816417,1.32670787251552,1.93423562062383e-11,1.81407123269258e-09,"CABLES1",2.50829645933345,2.50829645933345
"6940","ENSG00000134531",1540.17302613376,2.15192584299329,1.23018178610493e-25,2.63715826889866e-22,"EMP1",4.44420646889211,4.44420646889211
"6941","ENSG00000134532",524.84913655167,1.34264065334092,9.85660104984029e-07,2.07590393479163e-05,"SOX5",2.53615101516436,2.53615101516436
"6980","ENSG00000134769",114.363645812896,1.53859097386212,1.55347854449222e-05,0.000212793236318122,"DTNA",2.90510634023715,2.90510634023715
"7010","ENSG00000134917",161.930115863131,1.77482996175424,8.10897659994236e-11,6.47251610950718e-09,"ADAMTS8",3.42197675954287,3.42197675954287
"7060","ENSG00000135248",71.3642668087886,-2.9975607713379,1.28837407964034e-11,1.27193035783441e-09,"FAM71F1",0.125211521823022,-7.98648547226691
"7087","ENSG00000135373",102.57682287599,-2.60607022719073,3.10186630516192e-14,6.60235542911486e-12,"EHF",0.164245958070585,-6.08842988739026
"7201","ENSG00000135925",226.797143137371,3.33602132448096,1.66018273737151e-22,1.99301617255975e-19,"WNT10A",10.0981655168172,10.0981655168172
"7283","ENSG00000136286",83.3748930758358,1.06878176199504,0.00284057168701154,0.0151342512818374,"MYO1G",2.09766131570217,2.09766131570217
"7310","ENSG00000136488",638417.086797431,1.14764440453982,9.88582817931673e-05,0.000987332696564571,"CSH1",2.21551854743446,2.21551854743446
"7545","ENSG00000137731",9.48580518414454,1.19862894748821,0.00921322062920906,0.0386777419952192,"FXYD2",2.29521443640347,2.29521443640347
"7611","ENSG00000138028",31.7741211024448,-1.48318673134668,1.92166559184054e-06,3.69698895784091e-05,"CGREF1",0.357697829354319,-2.79565576845994
"7770","ENSG00000138795",254.320830686824,1.33937411526046,0.002857731186079,0.0152013875144635,"LEF1",2.5304151791521,2.5304151791521
"7777","ENSG00000138821",16199.2484335918,-1.39109807667555,1.30617589943454e-10,9.87429498585125e-09,"SLC39A8",0.381274492793968,-2.62278232323393
"7806","ENSG00000139174",326.626335036684,1.04204278040395,1.62296852408551e-05,0.000220600232540101,"PRICKLE1",2.05914122591711,2.05914122591711
"7917","ENSG00000139890",18.877664721205,-1.55802703881216,6.91094526123847e-06,0.000107078621156577,"REM2",0.339615206051369,-2.9445089094413
"7926","ENSG00000139970",164.343085922009,1.3758818837622,0.000947088544202581,0.0062196983344875,"RTN1",2.59526504580321,2.59526504580321
"7945","ENSG00000140090",60.3175304311308,2.47797495975017,6.62358497353409e-18,3.10604737852664e-15,"SLC24A4",5.57114922574772,5.57114922574772
"7994","ENSG00000140459",43776.3045891688,-1.1774465627346,2.17528154334466e-07,5.71668561110858e-06,"CYP11A1",0.44213334131372,-2.26176111719754
"8104","ENSG00000141232",504.324777230854,1.1950257055878,4.05070220210827e-06,6.88390002772782e-05,"TOB1",2.28948911439168,2.28948911439168
"8469","ENSG00000143627",167.375012406644,-5.45479123202409,8.90613722644956e-40,8.85116533929024e-36,"PKLR",0.0228004920293348,-43.8587026417418
"8619","ENSG00000144619",328.508326052647,1.08412635585891,0.000168150894361783,0.00151684539873334,"CNTN4",2.12009124305433,2.12009124305433
"8720","ENSG00000145362",854.838512505902,1.7742588782383,1.16145925417827e-09,6.84827409359495e-08,"ANK2",3.42062245546055,3.42062245546055
"8784","ENSG00000145832",24.8600560038042,1.65174418758566,2.10481605502895e-06,3.97794328989477e-05,"SLC25A48",3.1421328679281,3.1421328679281
"8790","ENSG00000145861",146.19571202827,1.11263291219927,0.000260353276183261,0.00217047847911445,"C1QTNF2",2.16239924339589,2.16239924339589
"8838","ENSG00000146122",1455.13210966683,1.15880663362922,1.05607778806898e-05,0.000153042040441943,"DAAM2",2.23272664853202,2.23272664853202
"8862","ENSG00000146285",32.6337245732851,-2.07842514341,3.26879672866019e-08,1.17488775353952e-06,"SCML4",0.236772733531985,-4.22345928554697
"9074","ENSG00000148053",94.2065709167219,1.50215229059744,0.00627831258191669,0.0285751770106891,"NTRK2",2.83264987459697,2.83264987459697
"9264","ENSG00000149571",20.8814436392082,-1.03040099955526,0.000478013822761848,0.00357670178228087,"KIRREL3",0.4895740519347,-2.04259191443704
"9306","ENSG00000149948",761.901706843153,-2.91581082638187,7.44613135600702e-14,1.40667269761592e-11,"HMGA2",0.132511472373544,-7.54651640411211
"9324","ENSG00000150337",596.118978878732,1.67238301152919,1.84577106843329e-07,4.99506594281513e-06,"FCGR1A",3.18740647621184,3.18740647621184
"9349","ENSG00000150637",36.114597270512,1.25821926329786,0.00119870452540855,0.00751340971685743,"CD226",2.39200310671425,2.39200310671425
"9397","ENSG00000151117",433.823638694131,1.39924374255605,4.81214895549626e-07,1.1186848524582e-05,"TMEM86A",2.63763281799747,2.63763281799747
"9494","ENSG00000151834",10.7044062814726,-1.06423282231264,0.000672550442197208,0.00470174327305442,"GABRA2",0.478226896499715,-2.09105762833353
"9522","ENSG00000152092",24.7958284586498,1.47773299334685,0.00146241271377143,0.00881677990472242,"ASTN1",2.78510746012713,2.78510746012713
"9539","ENSG00000152217",919.023116620592,1.32683905294184,1.06991643454068e-08,4.61355345307973e-07,"SETBP1",2.50852454243441,2.50852454243441
"9561","ENSG00000152402",1632.40136133986,1.99145132984117,9.77770782329237e-16,2.82162083839087e-13,"GUCY1A2",3.97636813781464,3.97636813781464
"9587","ENSG00000152578",14.1492042847761,2.35438825549483,2.86189005895734e-06,5.12782354921956e-05,"GRIA4",5.11377347716876,5.11377347716876
"9615","ENSG00000152784",292.367116042813,2.17090896415002,2.95316569447096e-12,3.60286214725457e-10,"PRDM8",4.50307018625686,4.50307018625686
"9706","ENSG00000153707",2853.02150696095,1.32252846136031,2.34541808005606e-06,4.34778798138619e-05,"PTPRD",2.50104057231814,2.50104057231814
"9769","ENSG00000154175",2987.12460765179,2.70170489098601,1.41578217822693e-16,5.24573515221563e-14,"ABI3BP",6.5057026815581,6.5057026815581
"9780","ENSG00000154262",61.6007070142226,3.46133556943501,9.16351577288879e-27,2.50014032159944e-23,"ABCA6",11.0145264827239,11.0145264827239
"9814","ENSG00000154556",1436.2181560122,1.64300925039395,3.9107754462844e-07,9.35220658915437e-06,"SORBS2",3.12316599574496,3.12316599574496
"9816","ENSG00000154589",260.137958062953,1.10959461539864,0.00192891758368144,0.0110901675328443,"LY96",2.15785005095206,2.15785005095206
"9864","ENSG00000155011",387.790428125795,1.519427686133,0.00705923133939881,0.0313543955835485,"DKK2",2.86677302804028,2.86677302804028
"9936","ENSG00000155816",12.5527253822792,-1.06182711864738,0.000277501429236785,0.00228487596550189,"FMN2",0.479025008303349,-2.0875736812612
"9957","ENSG00000155962",24.2314604888014,1.32173095055822,0.00348422820775147,0.0178902749308875,"CLIC2",2.49965839825071,2.49965839825071
"10023","ENSG00000156475",311.602182767956,2.01573717870627,2.41593511998555e-10,1.69805725576127e-08,"PPP2R2B",4.0438715686915,4.0438715686915
"10150","ENSG00000157554",655.671140285554,1.00609751806782,1.49219060200567e-05,0.000205241174827654,"ERG",2.00847084321857,2.00847084321857
"10341","ENSG00000159167",3270.92596635644,1.07063505409343,0.00139765360117983,0.00849931131499306,"STC1",2.10035771175333,2.10035771175333
"10347","ENSG00000159189",3078.08503399934,1.67519224054725,2.15228652551564e-06,4.04980709741538e-05,"C1QC",3.19361906998853,3.19361906998853
"10784","ENSG00000162493",3050.38015461182,2.5613443577528,1.18884892829869e-22,1.48665558483751e-19,"PDPN",5.90257454929337,5.90257454929337
"10798","ENSG00000162551",2345.36449701013,-3.28249378640759,1.36750365920646e-17,6.21841209395517e-15,"ALPL",0.1027710774557,-9.73036407476659
"10847","ENSG00000162711",176.760030557778,1.32017010095448,5.5570572878572e-05,0.00061156182918434,"NLRP3",2.49695548397695,2.49695548397695
"10862","ENSG00000162747",1005.88225314825,-2.56583562169153,1.02674922811333e-07,3.0449404974444e-06,"FCGR3B",0.168891002634767,-5.92097852697657
"11368","ENSG00000164330",640.405648872442,1.74911097393881,5.93281093580879e-12,6.66874613503721e-10,"EBF1",3.36151357089096,3.36151357089096
"11477","ENSG00000164756",44.7139812248233,2.28552540787035,4.75707984007306e-08,1.61321446508783e-06,"SLC30A8",4.87541628482664,4.87541628482664
"11501","ENSG00000164867",12119.5142220301,-1.21407865718128,2.37194104516114e-05,0.000305739413377851,"NOS3",0.431048270683886,-2.31992579024487
"11768","ENSG00000165966",552.708383116185,1.32070364330038,5.15022487792838e-06,8.35505670466954e-05,"PDZRN4",2.4978790872502,2.4978790872502
"11773","ENSG00000165985",41.0126417655284,1.11022653369102,0.0032662155443564,0.0169506589862051,"C1QL3",2.15879542302162,2.15879542302162
"11816","ENSG00000166159",2.24268156410104,1.59993117125581,0.00163896455837432,0.00970763850916325,"LRTM2",3.03128851149467,3.03128851149467
"11854","ENSG00000166278",886.425598190111,1.86974440967253,8.55799109709364e-09,3.81071852827855e-07,"C2",3.65467827449046,3.65467827449046
"11856","ENSG00000166292",525.4304207665,2.64463575949694,8.18436394793226e-13,1.14779967666048e-10,"TMEM100",6.25337814108691,6.25337814108691
"11916","ENSG00000166501",400.253150734516,1.39012341246954,0.000260618327053971,0.0021714817411282,"PRKCB",2.62101100728575,2.62101100728575
"12001","ENSG00000166863",2188.83596933307,1.24369437663482,0.0104742712358505,0.042827497047731,"TAC3",2.36804151997835,2.36804151997835
"12271","ENSG00000167914",10.6271600653928,1.29638308242418,0.00220665152052963,0.0123257073207026,"GSDMA",2.45612346185885,2.45612346185885
"12387","ENSG00000168386",1821.79680794084,1.47575399027406,1.44137475859153e-10,1.07608306604102e-08,"FILIP1L",2.78128963483636,2.78128963483636
"12410","ENSG00000168481",5.43931066379842,-1.43524810732469,0.000456599565344535,0.00344567919414639,"LGI3",0.369783278404075,-2.70428669548239
"12497","ENSG00000168875",286.159772724804,1.69485070165419,7.04146187945829e-07,1.55846868677214e-05,"SOX14",3.23743382065968,3.23743382065968
"12575","ENSG00000169184",187.922640866876,1.33226934336368,3.45361460161173e-05,0.000414931470870981,"MN1",2.517984397203,2.517984397203
"12602","ENSG00000169252",90.1425824470053,1.07366051577886,0.00475408185196815,0.0229967818439039,"ADRB2",2.10476697309871,2.10476697309871
"12632","ENSG00000169403",973.364558489517,1.14919231683229,9.12586730556137e-06,0.000135252113370127,"PTAFR",2.21789692174419,2.21789692174419
"12638","ENSG00000169432",982.483960239567,2.03696729224982,6.66279453563345e-09,3.06692928839618e-07,"SCN9A",4.10381954143223,4.10381954143223
"12654","ENSG00000169509",3.63259817184118,1.1765771484049,0.00155907113151583,0.00928389738076452,"CRCT1",2.26039851797955,2.26039851797955
"12660","ENSG00000169554",5243.42566288477,1.23110838691949,1.75841667995822e-06,3.42463344574342e-05,"ZEB2",2.34747271107364,2.34747271107364
"12738","ENSG00000169884",606.697641154699,-1.52090290342468,0.0105384185268555,0.0430428710979841,"WNT10B",0.34846776153573,-2.86970592514185
"12802","ENSG00000170162",10.9698204852925,1.51425372428661,0.00464087262160535,0.0225886910670807,"VGLL2",2.85651028473045,2.85651028473045
"12830","ENSG00000170290",4.12331401282525,-1.28959428791841,0.00180295325901992,0.0104906157803034,"SLN",0.409066049917481,-2.44459299470519
"12957","ENSG00000170848",124265.528797613,-1.62565059835454,0.00077869558686125,0.00530538296319633,"PSG6",0.324063715798338,-3.08581291656327
"12969","ENSG00000170891",369.113994254671,2.18198703120357,1.8332080901448e-10,1.32255387503427e-08,"CYTL1",4.53778114815391,4.53778114815391
"13071","ENSG00000171303",3398.20349041766,1.25884203383632,6.88286687013143e-06,0.000106698657286356,"KCNK3",2.39303588952056,2.39303588952056
"13091","ENSG00000171408",89.5604547251516,1.11721144671021,0.00432837999877548,0.0213305977870689,"PDE7B",2.16927273100657,2.16927273100657
"13485","ENSG00000173068",1021.13228669999,1.52413706526994,7.48150547764016e-10,4.67781129989451e-08,"BNC2",2.87614630503584,2.87614630503584
"13530","ENSG00000173267",164.127413811521,1.48613163218798,6.18619220984782e-08,1.99634409249412e-06,"SNCG",2.80136822829603,2.80136822829603
"13570","ENSG00000173467",7.67417313570147,-1.05864328304191,0.00865996234814378,0.036870873881755,"AGR3",0.48008331997671,-2.08297176425232
"13934","ENSG00000175445",861.428012722387,1.83161558986763,3.10377194255766e-11,2.70786056802443e-09,"LPL",3.55935440670102,3.55935440670102
"14011","ENSG00000175832",2703.55735428021,-1.35485269498649,1.06029954617518e-16,4.07970640766789e-14,"ETV4",0.390974739632603,-2.55770999666038
"14164","ENSG00000176641",264.685808482048,1.81119984593115,9.44116814032093e-08,2.83348338227312e-06,"RNF152",3.50934028435723,3.50934028435723
"14498","ENSG00000178199",68.8836145317475,1.03342344232479,0.000842403497691029,0.0056509194842877,"ZC3H12D",2.04687562538284,2.04687562538284
"14506","ENSG00000178233",14.7051451550147,-1.21754875064783,0.000927836945566621,0.00612168444392998,"TMEM151B",0.430012722421347,-2.32551259034646
"14613","ENSG00000178878",1435.60727202168,1.80714765208576,1.05317224854601e-07,3.11100448064596e-06,"APOLD1",3.49949719603134,3.49949719603134
"14657","ENSG00000179057",20.8591067954724,1.20065509450412,0.000733368539324842,0.00505276781501771,"IGSF22",2.298440141671,2.298440141671
"14663","ENSG00000179082",17.1070253855811,1.18206386511213,0.00133376906461533,0.00815979544483922,"C9orf106",2.26901141206984,2.26901141206984
"14751","ENSG00000179546",101.565227861911,-1.3473245609249,0.00671136147245305,0.0301627751125436,"HTR1D",0.393020218958678,-2.54439835856165
"14785","ENSG00000179772",109.863864969001,1.24435550176559,6.71386371873912e-05,0.000715033633523061,"FOXS1",2.3691269403112,2.3691269403112
"14832","ENSG00000179981",3287.14169403611,1.10563269900341,2.06619850732552e-06,3.92224855166688e-05,"TSHZ1",2.1519323115176,2.1519323115176
"14980","ENSG00000180801",426.133783201329,1.13099161926757,1.61283269161051e-06,3.19289806996139e-05,"ARSJ",2.19009221912698,2.19009221912698
"14996","ENSG00000180875",3075.09586479609,-1.18149344698095,0.00220074582710339,0.0122972972934327,"GREM2",0.440894856928564,-2.26811445923041
"15258","ENSG00000182261",172.121686978746,-2.51031169386028,1.97995679979723e-16,7.15933294885718e-14,"NLRP10",0.175517684823852,-5.69743157792668
"15291","ENSG00000182389",150.434584189455,2.04195870928691,3.16046473554729e-15,8.24798849071697e-13,"CACNB4",4.11804247144447,4.11804247144447
"15344","ENSG00000182621",944.67567028967,1.10649312131386,5.16105933014486e-10,3.38935913821242e-08,"PLCB1",2.15321610522756,2.15321610522756
"15461","ENSG00000183117",821.032082340437,1.38437752846117,0.000156817685689467,0.00143077490568196,"CSMD1",2.61059295324526,2.61059295324526
"15605","ENSG00000183668",317010.484803183,-1.73926146689595,3.42508000224128e-05,0.000411832936807954,"PSG9",0.299522966358162,-3.33864214874337
"15831","ENSG00000184574",377.212252495502,2.1044925658317,1.06969286628928e-09,6.36976632997496e-08,"LPAR5",4.30046470811827,4.30046470811827
"15854","ENSG00000184672",5.06428461816421,2.17996558251359,0.000103783765455021,0.00102831243606342,"RALYL",4.53142743642222,4.53142743642222
"15938","ENSG00000185022",26626.1850010268,-1.01757537798529,0.00460295716697625,0.0224542850870102,"MAFF",0.493945790197639,-2.02451366090169
"15947","ENSG00000185046",313.24111296253,1.72918892941994,7.91075165920957e-07,1.72166409569396e-05,"ANKS1B",3.31541376250021,3.31541376250021
"16033","ENSG00000185361",2642.79116311257,-1.0622824472776,1.81746225850228e-06,3.52590027809763e-05,"TNFAIP8L1",0.478873847192449,-2.08823264386397
"16069","ENSG00000185532",655.8165375028,1.44810715120557,2.24797707163858e-14,4.96075646132478e-12,"PRKG1",2.72849831204861,2.72849831204861
"16090","ENSG00000185633",1008.67439657025,1.34739501948225,1.3087982733108e-06,2.64866175176019e-05,"NDUFA4L2",2.54452262530575,2.54452262530575
"16128","ENSG00000185774",104.912923548284,1.03767904610953,1.18851870130937e-05,0.000169533380530878,"KCNIP4",2.05292233052586,2.05292233052586
"16364","ENSG00000186642",102.269975803825,2.21167736992907,4.06664869179676e-13,6.25888515580535e-11,"PDE2A",4.63213522396774,4.63213522396774
"16776","ENSG00000188404",667.003605012609,-1.69281626268687,1.42645191941509e-12,1.89427765510999e-10,"SELL",0.309322511550601,-3.23287172015741
"16943","ENSG00000189052",623274.351733114,-1.95411187336478,1.83000640167751e-05,0.000245626798421938,"CGB5",0.258079620386208,-3.87477321341194
"17037","ENSG00000189420",132.485934977485,1.89443687858621,3.32210031336384e-10,2.25572114490216e-08,"ZFP92",3.71776834548399,3.71776834548399
"17146","ENSG00000196358",56.4562582132697,1.10873192765094,0.00239880492505883,0.0131670262475292,"NTNG2",2.15656010797511,2.15656010797511
"17211","ENSG00000196517",371.563892422514,-1.35246863393898,7.50335067841622e-14,1.40744100350392e-11,"SLC6A9",0.391621361546208,-2.55348685794814
"17530","ENSG00000197558",742.800152869577,1.12832448705889,7.73748149010803e-06,0.00011792626213964,"SSPO",2.18604710270255,2.18604710270255
"17579","ENSG00000197705",21.0812434250345,1.5441323578161,0.000340338079327009,0.00269520676028592,"KLHL14",2.9162862955179,2.9162862955179
"17686","ENSG00000198019",178.409097725746,1.43016246619918,0.000531123134999016,0.00391167301290564,"FCGR1B",2.69477060281419,2.69477060281419
"17787","ENSG00000198353",401.647914563373,1.35697372156731,2.3149688708773e-09,1.22967868588973e-07,"HOXC4",2.56147306545988,2.56147306545988
"18013","ENSG00000198910",184.247087854318,-1.26114810246711,0.000238223116005681,0.0020147708407793,"L1CAM",0.417211808746911,-2.39686408446464
"18041","ENSG00000198959",258153.006140789,-1.20985322717463,0.000123551737772724,0.00118316361009412,"TGM2",0.432312594812146,-2.31314102804369
"19874","ENSG00000204252",86.3520901930395,1.48152211511674,0.00200306676653248,0.0114158829846511,"HLA-DOA",2.79243193383518,2.79243193383518
"19905","ENSG00000204335",70.9569520521923,2.01031320305236,4.44027054707912e-06,7.42044516861331e-05,"SP5",4.02869671848448,4.02869671848448
"19972","ENSG00000204482",371.752500946822,1.34065083879195,0.000262813212392421,0.00218370712356626,"LST1",2.53265547971691,2.53265547971691
"20026","ENSG00000204613",53.9524380135896,-1.13079300998295,0.00357703634111355,0.0182514478353228,"TRIM10",0.456664640058249,-2.1897907398139
"20145","ENSG00000204941",198494.323036606,-1.69779844894763,2.4220670861637e-06,4.46505389373127e-05,"PSG5",0.308256143141736,-3.24405538137224
"22217","ENSG00000213030",554635.108496205,-1.84276995409644,8.22625251059321e-05,0.000847823799271715,"CGB8",0.278786005146975,-3.5869806286467
"23258","ENSG00000215397",4.96367352703534,1.58077900662623,0.000948166029203939,0.00622541213486516,"SCRT2",2.99131326946795,2.99131326946795
"24181","ENSG00000221826",452800.289691726,-1.87696002681863,8.67022921831495e-07,1.85732276445445e-05,"PSG3",0.272256797229726,-3.67300287880862
"30560","ENSG00000231924",511639.052408317,-1.6466166393129,1.53092921717552e-05,0.000209896060602429,"PSG1",0.319388298100535,-3.13098509227544
"33154","ENSG00000235718",6.32442778969383,1.28872414548915,0.00523769295181695,0.0247900395631494,"MFRP",2.44311901532893,2.44311901532893
"36555","ENSG00000242574",428.965968823726,2.14110978854391,2.21834036025839e-11,2.02978142963643e-09,"HLA-DMB",4.41101231586315,4.41101231586315
"36782","ENSG00000243130",63239.6061730894,-1.25918015015169,0.00452712245066689,0.0221657646531372,"PSG11",0.41778130761373,-2.39359679759673
"36785","ENSG00000243137",479008.452291538,-1.27467062230251,0.00758511513818571,0.0331994614181937,"PSG4",0.413319512135714,-2.41943574072459
"37434","ENSG00000244682",934.985610903085,2.65452997580376,1.97221874864378e-11,1.84393237022732e-09,"FCGR2C",6.29641213280745,6.29641213280745
"51422","ENSG00000271503",699.842280378201,-1.44692966254076,4.63072021336744e-06,7.63191515890081e-05,"CCL5",0.366801218710117,-2.72627229406863
